username, title, mooz, review, helpful
1,"Marlen56","Veritatis qui at",3,"Magnam quia iusto excepturi. Consequuntur totam est. Harum non animi non officia et. Et magni temporibus distinctio aliquam omnis expedita totam sit. Et nulla nemo et consequatur. Dolor ipsum accusamus architecto vel ducimus.",210
2,"Gaston Keeling","Delectus commodi",3,"Facilis ea quaerat. Modi et praesentium et possimus. Consequatur minima ipsam et et. Ducimus ad aliquam. Illum vel natus.",154
3,"Stone59","Tempore sapiente necessitatibus",5,"Saepe expedita voluptatibus soluta incidunt est. Ratione animi distinctio autem voluptatum. Est adipisci et perferendis sapiente sunt quos architecto. Nemo eum reiciendis voluptate quis in totam error dolorem. Optio natus ab. Explicabo in velit.",30
4,"Maye Jenkins74","Commodi qui",3,"Minus illum et est enim exercitationem suscipit. Maiores id recusandae voluptatem et. Deserunt id quidem et in iste ut laboriosam atque. Vitae et numquam explicabo quasi fugit eos. Nihil et harum quo eos. Molestias nemo incidunt ut magni dolorem velit pariatur.",282
5,"Lilliana Ernser72","Ad",5,"Totam voluptatum optio qui nam rem. Earum quo dolore corrupti ex ullam vel reprehenderit quidem cum. Odit officia quod dolor rerum. Hic nostrum aut neque sunt quas dolorem ducimus omnis et.",282
6,"Noble Auer","Rerum harum libero",4,"Eos eum assumenda. Distinctio exercitationem et quo nemo eum ut. Quae culpa et natus quaerat perferendis incidunt dolorum at et. Et earum numquam possimus consequatur. Voluptate enim esse iusto laboriosam aut voluptates adipisci. Aliquam ipsum et.",274
7,"Alexanne7","Ut quos dolorem fuga itaque",4,"Ut veritatis impedit et minus voluptate. Adipisci voluptatem sint. Consequuntur odit et dicta modi voluptates placeat et sed. Omnis voluptatum laborum ut harum saepe voluptatem.",268
8,"Judd74","Ut aliquam quam",5,"Eos quo fuga sit facilis. Quaerat odio rerum neque voluptas laborum voluptatibus. Sunt sed minima quibusdam quasi assumenda fugiat. Error alias vel dignissimos est maiores excepturi totam odio.",280
9,"Brenden_Russel","Magnam incidunt",1,"Cumque aut quae. Ex officia aliquam quaerat autem temporibus. Quia vitae officia esse ut. Neque occaecati quia cum cupiditate hic qui dolor quis. Sit consequatur quia sed fugit et. Earum aut rerum facere quis eum et illum.",95
10,"Rosie_Schaefer","Dolorem placeat hic dolore ut",1,"Exercitationem dicta natus sed sint eligendi odit labore. Blanditiis at sequi neque hic ut eligendi quidem. Temporibus dignissimos illo laudantium dolores est dolorum. Rerum libero impedit laboriosam dolores qui molestiae aut tenetur. Autem rem sed reiciendis.",114
11,"Sammy_Huels42","Est",1,"Soluta iusto qui quibusdam omnis autem iusto non. Perferendis voluptas velit. Quos iure quis aut nisi voluptatem. Ea molestiae aut blanditiis. Commodi nulla modi molestias ut architecto qui optio. Et deleniti esse harum est quaerat.",263
12,"Isabel_Schumm","Est labore",3,"Et earum et quibusdam. Tempora expedita saepe necessitatibus accusantium qui dicta ut saepe. Voluptatem itaque sint consequatur.",72
13,"Ricky Murazik2","Tempore",1,"Enim rerum laboriosam eum praesentium ex et officia. Modi consequatur voluptates. In doloribus qui. Et velit voluptatem repudiandae fugit aut iste aut non.",281
14,"Virgil_Gleichner35","Eum",1,"Quasi sint quam eligendi laborum. Vel officia nulla iusto inventore. Eos est velit harum inventore dolores. Totam saepe non harum et sequi quia.",293
15,"Penelope84","Quasi",1,"Quasi praesentium eos magnam architecto dolor maxime sit. Velit quo voluptates consequatur hic qui sapiente magnam minima. Id cumque in quia et illum quia non numquam. Officia expedita eveniet sed animi aperiam voluptatum recusandae voluptatum. Illum nesciunt et est assumenda non assumenda. Quo quia ipsam sed illum.",235
16,"Taryn McLaughlin67","Architecto sit",2,"Quis iusto sed vel eos. Ea molestiae deserunt autem ex quo laudantium molestiae consequuntur adipisci. Rerum qui voluptatem modi rem eaque aut molestias. Eius assumenda rerum eum et rerum autem adipisci.",194
17,"Reta_Schroeder","Praesentium earum quis suscipit ratione",1,"Tenetur et iure et voluptas fugit nam rem unde. Aut similique facilis maiores saepe quos quas in aspernatur quia. Accusamus omnis voluptas et est. Soluta minima expedita assumenda. Consequatur illum aliquid et error reprehenderit alias. Cumque reiciendis qui eligendi recusandae similique molestiae.",72
18,"Wyatt68","Harum cupiditate atque at",4,"Aut et quaerat. Et aliquid autem. Voluptatem et sint autem odit voluptas cumque dolores aspernatur.",171
19,"Virginie_Skiles25","Doloribus et",2,"Quaerat neque excepturi velit nisi. Saepe rerum rerum est eos. Rerum earum est est et sequi dolor est ducimus.",81
20,"Braden_Schmeler","Excepturi accusantium et et dolorem",4,"Est perferendis deleniti maxime ut et. Molestiae assumenda et quis minus doloribus corporis rerum et. Qui optio autem. Corrupti aut adipisci quasi nulla in. Aliquid molestiae nostrum porro.",96
21,"Loy4","Error consequatur et nulla",2,"Voluptates est et quia maxime ut quibusdam occaecati. Repellendus quod consequatur rerum qui pariatur. Corporis architecto quasi ratione earum.",166
22,"Carey10","Ut labore voluptas voluptate veritatis",3,"Minus iste quasi. Nostrum explicabo numquam ex non itaque. Est reiciendis harum et omnis. Ut quidem aut. Sequi voluptas illo sit. Id voluptas voluptatem modi atque sunt quia iste tempora ab.",232
23,"Mckayla Gusikowski54","Quae repudiandae",5,"Vel inventore architecto expedita. Et suscipit molestiae et. Omnis dicta earum id cumque sapiente. Qui veniam odit nesciunt minima sequi quo omnis praesentium.",183
24,"Rudy_Walter","Expedita eaque qui labore",2,"Omnis at reprehenderit aliquam tempore voluptates ullam libero neque. Explicabo id laboriosam delectus tempore numquam autem aut. Nobis nihil deleniti in eum rerum accusamus exercitationem. Cum eligendi sed ea ullam. Ea quam eos et sint. Omnis vitae blanditiis veniam amet error quis id.",130
25,"Fermin Roob16","Sint et repudiandae ut et",4,"Alias libero quaerat. Et qui sunt beatae voluptas enim voluptatum. Non ea voluptates cum et omnis labore ut deleniti.",61
26,"Vernie54","Sit quis aut eius assumenda",5,"Dolor ipsa ut fuga eum nulla excepturi. Ut placeat voluptas modi corporis sint. Illum ducimus praesentium numquam.",185
27,"Hannah10","Et qui voluptatem nobis ut",2,"Rerum numquam accusantium nisi eos qui placeat. Aperiam quis cumque perferendis vitae magni maxime quod officia. Laboriosam est velit. Dignissimos repudiandae non et est animi molestias et et eum. Qui cumque ad ex aliquam voluptatum ut aut.",212
28,"Theodora37","Nostrum praesentium",2,"Consequatur rerum ut esse magnam maiores. Animi alias ea atque sunt nisi ex sunt. Ut dolorum sint iure cum magnam odit ut. Velit quaerat praesentium officia ipsam voluptas cum consequatur. Est accusantium beatae id eum veritatis. Laboriosam deserunt quod dolore et perspiciatis nam quod vero.",231
29,"Javon88","Aut mollitia inventore ea",3,"Illum doloremque qui molestias officia delectus eius. Et ad dignissimos sunt illo omnis fuga. In nihil sint sint sit laborum. Esse consectetur voluptas reprehenderit. Omnis voluptatem incidunt facilis praesentium perferendis aut. Autem quia dolorem earum voluptas.",69
30,"Katheryn_Daugherty34","Excepturi incidunt",4,"Placeat quam omnis enim eos eaque dolorem. Officia ipsum nam est sapiente ad vero. Enim minima modi voluptatem nam occaecati id perferendis id culpa. Aut nihil ea dolores quis non qui a qui. Quia inventore aut iusto delectus est ipsa. Magni non sed deleniti.",162
31,"Rachel_Kuhic60","Alias consequatur laborum sed",2,"Minima aliquid nam perferendis exercitationem veniam molestiae aliquam voluptates. Perferendis ex est consequatur quidem enim quia. Est placeat repudiandae ad eos magni quaerat. Distinctio unde cupiditate. Velit dignissimos quae eligendi. Reiciendis voluptas voluptatem placeat vitae consectetur rerum.",297
32,"Derick31","Eius sed",3,"Soluta et unde nobis rerum blanditiis dolor. Id qui rerum voluptatibus. Aut vel possimus nesciunt quaerat odit id excepturi ullam blanditiis. Exercitationem exercitationem doloremque autem sapiente odio. Dolor dolor beatae qui dolores quae iure ea cumque repellendus.",38
33,"Rebecca Dooley","Magni",4,"Nesciunt illum delectus nam eveniet est sed commodi iste quo. Eius error voluptatum dolor. Tempore corrupti sequi vel quia. Odio quam quod voluptatem. Dolores accusantium dignissimos quod veritatis sint quaerat sit nihil cumque.",195
34,"Ottis_Upton","Ut",2,"Id repudiandae voluptas et ut quidem animi id sit. Id et eum. Vitae dolore sit in et minima magni sapiente vero ab.",61
35,"Jesse Roob26","Et sunt",5,"Minus praesentium ex voluptas consectetur nobis hic dolor neque ut. Inventore error repellat eligendi nostrum voluptas. Sapiente aut quidem quo et.",160
36,"Jessika Bechtelar87","Ut expedita veritatis quia",5,"Ut consectetur dolorem deleniti voluptatibus hic iure incidunt. Et officiis vero sint ut aut quo. Dolorem odit unde sit veniam earum neque aut aliquam. Molestias vitae quia. Accusamus modi quis sint unde maxime. Occaecati iste fugiat dolor magni et optio nulla.",54
37,"Allie_Hamill","Omnis possimus rerum",4,"Voluptas qui facilis ut. In laudantium dolor praesentium ipsum facere aut. Vero iste excepturi repellendus eos. Adipisci maxime sapiente laborum odio nihil modi beatae ducimus nam. Fugiat porro eum quod ducimus. Nobis enim aut veritatis ratione sed cumque doloremque quo incidunt.",134
38,"Estella94","Voluptatem",2,"Dignissimos in maiores et nulla fuga aliquid est. Ut officiis quasi quo. Vitae aliquid omnis voluptatem eligendi quae.",255
39,"Audreanne Yost","Numquam",5,"Dolor rerum ut iure eaque voluptatibus non. Temporibus ex earum quidem. Eos quia ullam voluptas. Atque soluta voluptatibus ut architecto est voluptate aliquid.",52
40,"Lenore_Ondricka","Quibusdam dolorum omnis fugiat maiores",4,"Cupiditate est harum nesciunt minima est voluptas. Itaque repellat et. Unde sit laboriosam vel sequi est doloribus et reprehenderit occaecati.",133
41,"Carlie89","Dolorum",2,"Dolorum rerum et in magnam aut accusamus ipsum nesciunt. Consequatur error repudiandae eius ipsa suscipit ipsam. Velit voluptas fugit dolorum totam tempora. Qui sit libero qui dolore ab incidunt accusamus ut vel. Ut qui unde modi.",22
42,"Devyn_Terry20","Illum nisi voluptas enim corrupti",3,"Omnis omnis asperiores libero. Nisi similique harum provident sapiente quisquam adipisci placeat praesentium harum. Ut provident in sint tenetur et accusantium sit quo ipsum.",287
43,"Nettie Treutel83","Suscipit perferendis et aut totam",2,"Sunt voluptas asperiores aut qui alias voluptates. Dolore enim perspiciatis dolorem et ipsum laboriosam accusantium. Tempore nisi possimus omnis saepe omnis officia vel dolorem dolor. Et voluptatem rem unde rerum ipsa repellat quis eveniet. Eum rerum soluta id tenetur quia. Eum rerum voluptatibus est consequatur ut veritatis.",245
44,"Randy Hoeger27","Numquam est pariatur",4,"Asperiores et aut cupiditate voluptatem molestiae nesciunt. Occaecati molestias omnis. Pariatur eos consequatur dicta quia fugit omnis eos repellendus. Et et distinctio voluptatum sunt reiciendis facilis. Eum illo quia dolorem deserunt doloribus.",260
45,"Geovanny Hayes","Sit dolore nostrum quo",2,"Esse aut eum facilis perspiciatis omnis id et. Ut reiciendis est neque ipsam sapiente quibusdam et ipsum. Eos similique quidem vel vel reprehenderit magnam. Numquam delectus et quae qui velit. Repudiandae voluptatem suscipit molestiae quod laborum.",247
46,"Desiree Blick","Sequi vitae est dolorem",5,"Adipisci at fugit. Voluptatem illum nostrum beatae mollitia qui. Qui officia veniam. Possimus exercitationem aperiam tempore et nihil nemo fugit. Mollitia cum recusandae qui magnam rerum corrupti. Aspernatur officiis dolore.",266
47,"Garry_Johns94","Consequatur autem qui",5,"Error ex rerum quam nam modi rerum minus saepe. Distinctio non magnam saepe quos perferendis quis ut et. Est maxime omnis unde voluptatem velit qui animi. Enim ipsam tempora quo debitis. Quia expedita in laboriosam culpa. Quam omnis ratione id veritatis suscipit.",50
48,"Eveline2","Aut ut voluptas",5,"Aliquid totam totam nam exercitationem. Temporibus qui vero et vel velit. Est repudiandae ducimus maiores. Nihil est ducimus omnis nostrum odit.",278
49,"Juvenal_Kozey","Eum distinctio qui officia",3,"Deleniti quo quisquam fugiat quos sapiente ad iure est. Soluta excepturi mollitia nemo inventore. Dolor omnis qui atque omnis. Aut quis est eius voluptas ipsam ipsa ut mollitia quas.",29
50,"Mathias_Berge","Sit qui iste temporibus",2,"Beatae aut nihil dolores amet sunt rem. Iste quaerat officiis illum. Voluptas vel impedit accusantium et velit. Porro aut velit repudiandae. Totam nihil est est vitae consequatur. Quia nobis est sequi aut fuga laudantium.",283
51,"Kelton Schowalter","Quo suscipit neque est perspiciatis",1,"Asperiores voluptatem consequuntur excepturi explicabo doloremque. Dolore qui et a ipsum eveniet odit optio maiores. Excepturi consequatur nobis.",78
52,"Camila_Corkery40","Repellendus",2,"Minima similique illo. Sunt et maiores quos fuga repellat ut consequatur modi sit. Quia et quaerat. Ea laboriosam excepturi veniam ut sed. Illo mollitia veniam ducimus numquam necessitatibus nostrum mollitia. Sint excepturi voluptatem est earum aut iure.",188
53,"Dortha Bernhard","Enim maxime dicta blanditiis",1,"Quo ea illo est eum quia. Debitis fuga animi quibusdam qui quia assumenda nam nisi et. Culpa ex consequatur nisi exercitationem maxime at aut aspernatur laudantium. Suscipit libero ipsum ut sapiente odio voluptas aut quis et. Dolorum amet consequatur eveniet rerum officiis qui nemo recusandae. Rerum minima ullam commodi quo doloremque sint.",221
54,"Rodrick Schuppe88","Est doloribus animi architecto",3,"Quia eum libero delectus dolorem saepe iste qui odit. Iusto molestias deserunt consequatur. Dolores aliquid quod temporibus et quia excepturi architecto.",270
55,"Hobart30","Inventore reprehenderit officia ratione",5,"Et nobis occaecati distinctio ut. Nesciunt explicabo ad qui accusantium qui. Dolore officiis qui unde ut esse labore reiciendis. Voluptatibus voluptas dolorem reprehenderit quam ut labore maxime nihil.",14
56,"Kenya17","Pariatur enim",4,"Quasi voluptas perferendis. Praesentium dolorum omnis eos eaque illum quia. Libero velit repudiandae nulla in.",140
57,"Eve Kub","Voluptatum ut quod",4,"Est consectetur harum numquam. Rem ducimus dicta doloribus rem harum. Quibusdam eligendi sed magni magnam mollitia facilis placeat rem illum.",35
58,"Maryam93","Est repellat magni",4,"Et dolorum libero eveniet esse cupiditate illo architecto rerum. Sed natus dolor debitis fugit qui. Rerum sapiente voluptates et quam. Quis fugiat officia eum maxime ut quas culpa. Labore ea doloribus voluptates repudiandae odit tenetur. Quas expedita ut.",42
59,"Destiny Stiedemann41","Et odit totam consequatur soluta",2,"Maxime in sunt et eum at repellat. Sed soluta ut accusantium mollitia velit animi. Molestias sint voluptas repudiandae. Quia enim tempora quia dicta distinctio.",232
60,"Natasha74","Ut excepturi fuga",3,"Tempore eum ea excepturi quia magni odit doloremque sed dignissimos. Explicabo rerum facere ab eius necessitatibus eos quod. Tempore debitis provident quia enim dolores debitis enim. Et impedit mollitia quibusdam quo pariatur hic. Velit asperiores harum iure.",77
61,"Maurine29","Similique explicabo ea quasi",4,"Expedita ipsam vel dolorem ea sunt aliquam. Cupiditate rem rerum non est officia. Assumenda doloribus ratione sint omnis repellat et voluptatem placeat. Natus quam eos minus non.",215
62,"Geo Dare","Doloremque aspernatur omnis dolore ratione",2,"Totam aut non qui assumenda nihil minus non. Vel sit ratione quos ut laboriosam suscipit. Et sit est ut ex voluptatibus.",282
63,"Harley Hettinger42","Incidunt cumque necessitatibus odit ea",4,"Perspiciatis assumenda aliquid veniam quis occaecati occaecati sed sit laudantium. Vitae ipsum ut quis id. Unde qui sit nemo. Eligendi ad maiores aut eos sit animi debitis. Quia dignissimos et ut vero officiis quae cumque.",81
64,"Jaylon18","Mollitia sint voluptas sequi",3,"Ut non consequatur rem. In soluta cum molestiae eaque. Illo reprehenderit officia iusto dolorem maiores. Illo et sit vel debitis tempore repellendus eum minus.",218
65,"Rico Boyle11","Perspiciatis provident cum quo",3,"Recusandae in sit et quo quis. Minima sint ut dolorum consequatur. Mollitia sequi velit quasi voluptas est quia sint. Sunt ut sed est possimus aut. Est sed ullam iste.",289
66,"Coralie_Langworth85","Sequi",3,"Qui illo animi est reprehenderit laborum dolorum incidunt. Similique quo tempore vel corrupti expedita quia tenetur. Rerum velit et quas nobis eius. Laborum perferendis qui id enim ad officiis temporibus sint. Harum voluptatem amet totam voluptas amet error ipsum. Pariatur eos minus.",244
67,"Dell_OReilly","Quia illum recusandae unde",4,"Beatae et debitis repellendus placeat doloremque eos suscipit aut voluptatibus. Voluptatem quis non dignissimos iure enim. Quaerat voluptatem animi modi recusandae.",31
68,"Gavin Howell12","Qui provident",3,"Voluptatem quia nihil qui omnis quia impedit reiciendis magnam ducimus. Quia quia qui ut qui deserunt ut nihil. Laboriosam dolor sunt iure aut quisquam explicabo. Et quaerat soluta et neque non. Doloremque animi ea.",25
69,"Rose28","Delectus beatae enim sit id",5,"Amet rerum ullam dignissimos sit molestiae. Expedita sed molestiae rerum ea officia. Illum ut aut dignissimos error sit.",250
70,"Hallie_Schinner75","Ipsam fuga atque animi non",1,"Voluptas quis et occaecati laboriosam rem minima nihil sint vitae. Dolorum mollitia a aliquid blanditiis mollitia nihil. Sapiente dolore dolore repellendus omnis id et. Ipsum natus tempore ipsum itaque laboriosam et sequi. Velit inventore veritatis voluptatem voluptatum ut iure pariatur expedita. Iste sunt dolor.",62
71,"Chasity82","Perferendis quasi",2,"Ex autem at et corporis tenetur libero. Suscipit voluptatem beatae eaque. Praesentium voluptate rerum ut reiciendis ut sed a. Pariatur qui consequatur deserunt quia deserunt qui corrupti natus. Animi dignissimos odit sed qui nihil cumque.",136
72,"Korbin Kub92","Impedit consequatur atque minima et",4,"Libero alias pariatur qui. Dolore eligendi ad dignissimos repellat quas ducimus laborum cumque qui. Animi maxime iure et quas nostrum velit autem aut eum. Occaecati tempora cumque ducimus dicta quis laborum rerum rerum. Et sit id molestias commodi enim debitis autem quia.",154
73,"Monty_Quigley76","Nemo totam distinctio tenetur",1,"Quia modi molestiae voluptatem aut nulla beatae iure ex dicta. Eum commodi quibusdam qui molestiae sed sed ut. Dicta voluptatibus consequatur.",196
74,"Katarina_Hilll47","Sed explicabo animi voluptatem earum",2,"Dolor at itaque neque. Reprehenderit adipisci quos. Facere beatae tempore id est delectus quia optio. Est voluptatem non dolorem iusto error ut et cumque deserunt.",112
75,"Cale Green","Quia",2,"Quibusdam et totam cum et quibusdam est sint officia. Dolorem totam et quaerat. Cumque quia aut nobis omnis quaerat nemo sint dolores numquam. Nihil enim dicta ut eius repellendus quam officia. Autem culpa magni in sint. Natus praesentium commodi repellat.",172
76,"Cierra22","Ipsam ea placeat sunt aspernatur",1,"Sunt quasi aliquid at aliquid. Quis autem dolores. Non eligendi qui et tempore dolorum impedit ab.",179
77,"Daphney_Bayer89","Quis sed eum",3,"Voluptas quasi quisquam dolores aspernatur ducimus placeat omnis. Id debitis minus tempora et quia molestiae ut voluptatem et. Provident occaecati recusandae dignissimos id autem repellendus consequatur accusamus.",63
78,"Rubie26","Facere ullam expedita voluptas qui",4,"Esse et dolorem sed quo ab. Laborum consequatur dicta. Non accusantium rerum et aut voluptates. Eligendi et similique fuga modi qui eos.",230
79,"Orlo Huel94","Est voluptas sit deserunt",2,"Odio odio iusto alias commodi quod voluptatibus perferendis repudiandae maxime. Et omnis voluptatem. Suscipit porro optio tempora quisquam labore eos iste. In consequatur in dolor et error et earum dolorem. Molestiae nemo non et in rem tempora beatae quas. Harum unde omnis.",1
80,"Martine Hilpert82","Numquam commodi",1,"Qui sapiente vel omnis saepe magni dolorum sunt omnis. Aspernatur est dolore autem amet quidem in nemo. Accusantium dolor et autem similique eum et. Eaque explicabo quis voluptas iure est. Eligendi sit neque enim et magnam vel.",175
81,"Merlin69","Cum eos",1,"In suscipit qui earum enim. Accusantium accusamus aut aut. Consequatur ut distinctio aut. Cum eligendi commodi voluptatibus quo qui est tempore. Culpa quo ipsam ratione possimus sit natus modi. Aut reprehenderit perferendis accusamus est facilis sit aliquid quisquam.",176
82,"Devan Ortiz35","Dicta molestiae",2,"Tempore nam vitae minima officia optio ut nesciunt dolores voluptas. Sed vero quam. Sapiente accusantium dolores voluptatem soluta sit.",51
83,"Jules_Fahey31","Veritatis",1,"Ducimus itaque unde nostrum provident error omnis consequatur consequatur totam. Id est et est sed. Nihil harum sunt sed soluta voluptatem. Totam similique consequatur voluptates tenetur voluptas id consectetur.",1
84,"Alaina_Ratke","Qui voluptatem sit",2,"Natus consectetur est voluptate expedita hic. Aut nostrum alias et. Nostrum autem similique vero porro repellendus.",118
85,"Jazmyn_Torphy8","Quis quaerat eligendi nihil",3,"Non quod sunt dolore blanditiis voluptas. Neque aut veniam nobis consequatur. Corporis quia exercitationem aut. Aut nulla tempore aspernatur est vitae enim. Libero architecto iusto molestias architecto dolore suscipit rerum. Eos odio nemo.",264
86,"Olin Armstrong","Excepturi",1,"Debitis facilis ratione. Labore aut sunt quo adipisci quis qui. Est sed odio aut. Laborum commodi omnis ea qui delectus voluptatem quae. Placeat culpa ut incidunt maxime at. Voluptas enim voluptas qui quam sequi perferendis asperiores nulla id.",175
87,"Monica Mohr8","Doloremque nam omnis facilis quia",2,"Est tempora quod occaecati. Veritatis minima consequatur inventore amet sunt libero eum ab repellendus. Quam nihil veritatis sint blanditiis dolores provident mollitia temporibus.",39
88,"Jany_Russel91","Delectus recusandae animi repudiandae",5,"Ipsum repudiandae aperiam incidunt voluptatibus. Omnis delectus debitis aut. In maxime inventore quas non necessitatibus. Est tempore qui eos repellat nihil distinctio rerum.",204
89,"Georgette48","Quae",1,"Beatae omnis odio a quos iste et cupiditate. Sit vel dolor aliquam aut. Aperiam id qui ab id non hic sed magni expedita. Unde fuga accusantium dolorem voluptatem explicabo recusandae quia eum aut. Cumque ipsam in at placeat. Et non et ipsum.",203
90,"Adriel5","Aspernatur",3,"Optio beatae nesciunt voluptatem molestiae eum quos sequi illo inventore. Voluptatum recusandae at. Libero aspernatur ea. Dicta quia fugiat voluptatem.",265
91,"Oren Ryan52","Impedit dolorum",4,"Cum qui maiores id nisi tenetur voluptatibus. Alias nihil iusto quos est rem atque sint sit numquam. Enim ipsum iusto libero exercitationem optio earum necessitatibus ullam. Quis maiores corrupti dolorum facere autem consequuntur placeat eos veniam.",25
92,"Mario_Kovacek","Ipsum porro sit est consequatur",1,"Autem facere consequatur officiis velit est exercitationem consequuntur. Atque et quia harum aliquam minus nihil tenetur. Eos consequatur consequatur sed saepe eum vitae.",245
93,"Estella75","Ut doloremque dolores vel quaerat",3,"Quos ea culpa. Repellat fugit ut commodi. Ad qui facilis ipsam vitae et. Dolores tempore sed libero et. Voluptates mollitia a ut recusandae laboriosam. Minus consequatur minus pariatur id molestias fugit ut molestiae.",277
94,"Amos Zieme77","Numquam perferendis facere provident facilis",1,"Totam autem ut officia eum nihil explicabo dolorem. Accusamus nisi eveniet. Ut nostrum tempora rerum non laudantium enim ratione voluptas. Accusamus quam placeat praesentium qui sapiente.",244
95,"Bethel60","Exercitationem hic",3,"Vel reiciendis molestiae et odit fugit qui dolorem omnis dolor. Quos consequatur sit aut at autem. Repellat similique beatae fugiat quibusdam architecto. Consequatur odio exercitationem optio ipsam odit.",295
96,"Newton Collier","Quisquam velit",2,"Doloremque vitae esse tenetur exercitationem et. Doloribus laborum sit nihil qui et. Suscipit ut optio ducimus nobis repellendus enim est. Ut velit laborum. Aliquam repudiandae facere sit fugiat tempore inventore. Quo soluta molestiae.",124
97,"Philip29","Ex",5,"Labore expedita sint. Debitis veritatis est et facere molestiae qui ad rerum consequatur. Corporis voluptates nobis numquam. Ducimus est dolorum quia quas amet et. Vero corporis iure sed rerum nostrum accusamus est.",51
98,"Sammie_Adams","Quaerat officiis ut nulla natus",3,"Atque rerum voluptas eos omnis repellendus. Neque qui dolore rerum consequatur quidem voluptates. Pariatur doloribus quia et. Sit sint repellat qui dignissimos saepe qui earum et. Nostrum eaque eum dolore. Aliquam consequatur aspernatur nesciunt quasi qui qui neque rerum.",114
99,"Marco7","Voluptate officiis",4,"Commodi in excepturi impedit dolores. Molestiae id corrupti nisi fuga a labore dolor. Nobis maxime ipsa. Voluptatem libero et omnis laudantium sed nihil enim. Quisquam et et odio rerum nisi fugiat sit.",196
100,"Ray54","Quam delectus",1,"Dolore rerum qui in necessitatibus corrupti. Quia dolor porro repellendus ex consequatur architecto tempora ut omnis. Expedita dolor omnis qui voluptatem sapiente sed animi nemo. Sunt qui harum a sed. Illo voluptatem adipisci.",141